Size	(Random Case)	(Best Case)	(Worst Case)
2^2	0.000000	0.000000	0.000000
2^3	0.000001	0.000000	0.000002
2^4	0.000003	0.000000	0.000005
2^5	0.000011	0.000000	0.000020
2^6	0.000041	0.000001	0.000076
2^7	0.000155	0.000002	0.000304
2^8	0.000648	0.000003	0.001475
2^9	0.002805	0.000005	0.004958
2^10	0.009996	0.000010	0.019580
2^11	0.039013	0.000017	0.077545
2^12	0.155134	0.000033	0.310658
2^13	0.616831	0.000065	1.242051

